From,To,Count
logs/context_builder.py,logs/context_types.py,1
logs/display_formatter.py,logs/context_types.py,1
logs/display_formatter.py,logs/log_types.py,1
logs/display_formatter.py,logs/time_utils.py,2
logs/examples/test_run_logger.py,logs/log_app.py,1
logs/examples/test_run_logger.py,logs/log_paths.py,1
logs/examples/test_run_logger.py,logs/log_searcher.py,1
logs/examples/test_run_logger.py,logs/log_storage.py,1
logs/examples/test_run_logger.py,logs/log_types.py,1
logs/examples/test_run_logger.py,logs/log_validator.py,1
logs/examples/test_run_logger.py,logs/multi_info_logger.py,1
logs/examples/test_run_logger.py,logs/system_monitor.py,2
logs/language_selector.py,lang/en.py,1
logs/language_selector.py,lang/ja.py,1
logs/language_selector.py,logs/multi_info_logger.py,1
logs/log_app.py,logs/log_paths.py,1
logs/log_app.py,logs/multi_info_logger.py,1
logs/log_searcher.py,logs/log_app.py,1
logs/log_searcher.py,logs/log_storage.py,1
logs/log_searcher.py,logs/log_types.py,1
logs/log_searcher.py,logs/log_validator.py,1
logs/log_searcher.py,logs/multi_info_logger.py,1
logs/log_validator.py,logs/log_app.py,1
logs/log_validator.py,logs/log_types.py,1
logs/log_validator.py,logs/multi_info_logger.py,1
logs/log_viewer.py,logs/display_formatter.py,2
logs/log_viewer.py,logs/language_selector.py,4
logs/log_viewer.py,logs/log_app.py,1
logs/log_viewer.py,logs/log_config.py,2
logs/log_viewer.py,logs/log_multi_select.py,1
logs/log_viewer.py,logs/log_paths.py,1
logs/log_viewer.py,logs/log_searcher.py,9
logs/log_viewer.py,logs/log_storage.py,1
logs/log_viewer.py,logs/log_types.py,1
logs/log_viewer.py,logs/log_validator.py,1
logs/log_viewer.py,logs/multi_info_logger.py,1
logs/log_viewer.py,logs/openai_key_store.py,6
logs/log_viewer.py,logs/query_error_bridge.py,1
logs/log_viewer.py,logs/search_matcher.py,2
logs/log_viewer.py,logs/search_models.py,1
logs/log_viewer.py,logs/search_text_analysis.py,1
logs/log_viewer.py,logs/search_text_preprocessor.py,1
logs/log_viewer.py,logs/time_utils.py,1
logs/log_viewer.py,logs/tzinfo_formatter.py,1
logs/log_viewer.py,query_engine/ast.py,1
logs/multi_info_logger.py,logs/context_builder.py,1
logs/multi_info_logger.py,logs/log_config.py,1
logs/multi_info_logger.py,logs/log_paths.py,1
logs/multi_info_logger.py,logs/log_types.py,1
logs/multi_info_logger.py,logs/time_utils.py,10
logs/query_error_bridge.py,logs/error_response_dict.py,1
logs/search_ast.py,logs/search_models.py,1
logs/search_ast.py,query_engine/ast.py,1
logs/search_matcher.py,logs/log_types.py,1
logs/search_matcher.py,logs/search_ast.py,1
logs/search_matcher.py,logs/search_models.py,1
logs/search_matcher.py,logs/search_similarity.py,1
logs/search_matcher.py,logs/search_text_analysis.py,1
logs/search_matcher.py,logs/traceql_bridge.py,2
logs/search_matcher.py,query_engine/evaluators/sql.py,1
logs/search_models.py,logs/log_types.py,1
logs/search_models.py,logs/search_ast.py,1
logs/search_text_analysis.py,logs/search_ast.py,1
logs/search_text_analysis.py,logs/search_models.py,1
logs/search_text_preprocessor.py,logs/time_utils.py,1
logs/system_monitor.py,logs/multi_info_logger.py,1
logs/tester/test_log_viewer_search_methods.py,logs/log_searcher.py,2
logs/tester/test_log_viewer_search_methods.py,logs/log_types.py,1
logs/tester/test_log_viewer_search_methods.py,logs/log_viewer.py,3
logs/tester/test_log_viewer_search_methods.py,logs/search_text_analysis.py,1
logs/time_utils.py,logs/log_config.py,1
logs/time_utils.py,logs/multi_info_logger.py,2
logs/traceql_bridge.py,logs/log_types.py,1
logs/traceql_bridge.py,query_engine/evaluators/memory.py,2
logs/traceql_bridge.py,query_engine/models.py,1
logs/traceql_bridge.py,query_engine/parser.py,1
logs/tzinfo_formatter.py,logs/time_utils.py,1
logs/update_tzdata.py,logs/time_utils.py,1
query_engine/__init__.py,query_engine/adapters/__init__.py,1
query_engine/__init__.py,query_engine/ast.py,1
query_engine/__init__.py,query_engine/evaluators/memory.py,1
query_engine/__init__.py,query_engine/evaluators/sql.py,1
query_engine/__init__.py,query_engine/models.py,1
query_engine/__init__.py,query_engine/parser.py,1
query_engine/adapters/__init__.py,query_engine/adapters/base.py,1
query_engine/adapters/__init__.py,query_engine/adapters/documents.py,1
query_engine/adapters/__init__.py,query_engine/adapters/extractors.py,1
query_engine/adapters/__init__.py,query_engine/adapters/json_adapter.py,1
query_engine/adapters/__init__.py,query_engine/adapters/logs.py,1
query_engine/adapters/__init__.py,query_engine/adapters/sqlite_adapter.py,1
query_engine/adapters/__init__.py,query_engine/adapters/tabular.py,1
query_engine/adapters/__init__.py,query_engine/adapters/text_table_adapter.py,1
query_engine/adapters/base.py,query_engine/models.py,1
query_engine/adapters/base.py,query_engine/utils.py,1
query_engine/adapters/documents.py,query_engine/adapters/base.py,1
query_engine/adapters/documents.py,query_engine/models.py,1
query_engine/adapters/extractors.py,query_engine/adapters/documents.py,9
query_engine/adapters/json_adapter.py,query_engine/adapters/base.py,1
query_engine/adapters/json_adapter.py,query_engine/adapters/tabular.py,1
query_engine/adapters/json_adapter.py,query_engine/models.py,1
query_engine/adapters/logs.py,query_engine/adapters/base.py,1
query_engine/adapters/logs.py,query_engine/models.py,1
query_engine/adapters/logs.py,query_engine/utils.py,1
query_engine/adapters/sqlite_adapter.py,query_engine/evaluators/sql.py,1
query_engine/adapters/sqlite_adapter.py,query_engine/models.py,1
query_engine/adapters/sqlite_adapter.py,query_engine/utils.py,1
query_engine/adapters/tabular.py,query_engine/adapters/base.py,1
query_engine/adapters/tabular.py,query_engine/models.py,1
query_engine/adapters/text_table_adapter.py,query_engine/adapters/tabular.py,1
query_engine/adapters/text_table_adapter.py,query_engine/models.py,1
query_engine/dict_evaluator.py,query_engine/evaluators/memory.py,1
query_engine/documents.py,query_engine/adapters/documents.py,1
query_engine/evaluators/__init__.py,query_engine/evaluators/memory.py,1
query_engine/evaluators/__init__.py,query_engine/evaluators/sql.py,1
query_engine/evaluators/memory.py,query_engine/ast.py,1
query_engine/evaluators/memory.py,query_engine/models.py,1
query_engine/evaluators/memory.py,query_engine/parser.py,1
query_engine/evaluators/memory.py,query_engine/utils.py,3
query_engine/evaluators/sql.py,query_engine/ast.py,1
query_engine/evaluators/sql.py,query_engine/models.py,1
query_engine/evaluators/sql.py,query_engine/parser.py,1
query_engine/grammar.py,query_engine/models.py,1
query_engine/grammar.py,query_engine/reserved_words.py,1
query_engine/matcher.py,query_engine/evaluators/memory.py,1
query_engine/models.py,query_engine/ast.py,1
query_engine/parser.py,query_engine/ast.py,1
query_engine/parser.py,query_engine/grammar.py,1
query_engine/parser.py,query_engine/models.py,1
query_engine/tokenizer.py,query_engine/parser.py,1
tests/test_query_document_adapters.py,query_engine/adapters/base.py,1
tests/test_query_document_adapters.py,query_engine/adapters/json_adapter.py,1
tests/test_query_document_adapters.py,query_engine/adapters/tabular.py,1
tests/test_query_document_adapters.py,query_engine/models.py,1
tests/test_query_error_bridge.py,logs/query_error_bridge.py,6
tests/test_sqlite_adapter.py,query_engine/adapters/sqlite_adapter.py,2
tests/test_sqlite_adapter.py,query_engine/models.py,1
tests/test_traceql_bridge_boundary.py,logs/log_types.py,1
tests/test_traceql_bridge_boundary.py,logs/traceql_bridge.py,2
tests/test_traceql_bridge_boundary.py,query_engine/ast.py,1
